Species,SLA_cm2/g,LDMC_mg/g,Chlorophyll_FCI,LeafTough_N/mm,LeafThick_mm,SSD_g/cm3,PithProp_%,XylProp_%,BarkProp_%,VesselDens_n/mm2,VesselDiam_microm,StomDens_n/mm2,StomLength_microm,Hpot95_m,DS_anemo-0_zoo-1,SeedMass_g,Kpot_kg/m/s/Mpa
Abarema langsdorffii,13.038,459.379,,,0.12,0.513,32.16,50.41,17.43,31.27,25.17,171.99,10.02,17.1,1,0.04951667,0.031
Aegiphila integrifolia,16.959,259.468,51.34,0.22,0.191,0.283,45.27,44.71,10.02,33.32,26.73,423.59,12.29,14.25,1,0.0263,0.042
Alchornea glandulosa,17.703,432.029,44.89,0.3,0.129,0.359,34.77,60.28,4.96,19.26,32.73,268.7,11.96,25.65,1,0.01809231,0.054
Alchornea sidifolia,10.374,442.173,49.13,0.38,0.154,0.325,44.22,48.46,7.32,20.52,27.21,,,20.9,1,0.01448235,0.028
Alchornea triplinervia,17.27,423.13,50.26,0.27,0.198,0.348,38.18,54.45,7.38,30.19,30.12,137.56,15.6,27.59,1,0.02288846,0.061
Allophylus edulis,12.93,423.206,48.41,0.21,0.14,0.739,24.85,61.9,13.25,93.34,16.75,395.25,9.12,19.0,1,0.046145,0.018
Allophylus petiolulatus,16.003,347.61,59.24,0.24,0.142,0.443,45.1,44.79,10.11,60.82,16.07,223.92,9.93,12.35,1,0.08361739,0.01
Alsophila setosa,12.776,354.328,,0.03,0.075,0.181,72.79,10.34,16.87,147.98,25.49,106.32,17.22,29.45,0,1.3e-07,0.153
Amaioua guianensis,13.259,380.037,55.42,0.27,0.151,0.514,36.08,57.49,6.43,66.23,17.9,111.37,16.65,16.15,1,0.01253846,0.017
Andira fraxinifolia,15.161,403.773,47.35,0.26,0.149,0.442,39.87,38.76,21.37,148.87,21.04,519.61,8.12,20.9,1,2.0303,0.071
Aniba firmula,14.997,403.494,61.32,0.28,0.172,0.496,27.5,59.34,13.16,66.25,18.03,338.91,10.21,20.9,1,0.6912,0.017
Annona emarginata,16.414,383.845,56.37,0.24,0.146,0.357,26.04,59.61,14.35,80.55,19.63,286.03,14.81,18.05,1,0.17169459,0.029
Annona neosericea,17.759,340.921,58.55,0.26,0.153,0.275,15.06,70.63,14.31,52.93,26.19,,,30.88,1,0.03312639,0.061
Aparisthmium cordatum,19.952,551.947,57.21,0.28,0.114,0.391,55.81,38.58,5.61,68.44,21.61,272.69,14.69,19.95,1,0.0301,0.036
Aspidosperma australe,18.678,285.48,67.99,0.24,0.15,0.636,23.95,57.74,18.32,210.05,13.2,,,32.02,0,0.14080769,0.016
Aspidosperma parvifolium,19.238,296.354,,0.22,0.152,0.69,14.5,67.41,18.09,200.04,13.1,,,29.45,0,0.2,0.014
Aspidosperma tomentosum,17.01,317.377,51.03,0.13,0.146,0.548,26.8,58.37,14.83,184.52,13.02,45.71,12.14,21.85,0,0.22568,0.013
Bathysa australis,23.654,204.494,46.44,0.2,0.163,0.211,57.83,29.68,12.49,166.3,18.27,230.38,20.62,26.6,0,3.15e-06,0.045
Byrsonima ligustrifolia,12.741,396.083,56.82,0.37,0.25,0.465,19.52,68.63,11.85,76.96,17.53,108.87,25.85,22.8,1,0.14892,0.018
Cabralea canjerana,13.261,351.4,71.6,0.35,0.18,0.311,44.96,40.5,14.54,104.35,21.45,152.29,14.78,31.23,1,0.24641538,0.054
Calyptranthes tricona,12.665,456.897,,0.41,0.142,0.766,8.2,78.77,13.03,50.15,17.31,271.62,7.11,15.11,1,0.08623333,0.011
Campomanesia guaviroba,10.341,429.259,58.57,0.24,0.215,0.622,22.25,63.67,14.08,58.56,18.82,445.14,9.32,23.75,1,0.11115,0.018
Campomanesia reitziana,12.26,439.167,50.64,0.24,0.141,0.587,17.63,66.94,15.43,113.44,17.53,349.11,9.16,17.1,1,,0.026
Casearia obliqua,19.341,445.217,61.66,0.16,0.084,0.649,8.24,80.23,11.53,134.0,13.88,333.51,10.65,24.7,1,,0.012
Casearia sylvestris,13.394,391.865,69.12,0.24,0.152,0.458,38.57,53.48,7.95,124.95,16.41,543.16,9.22,21.85,1,0.00132703,0.022
Cecropia glaziovii,20.986,277.454,56.71,0.13,0.26,0.13,83.48,13.82,2.7,41.45,28.93,,,23.75,1,0.0005,0.071
Chionanthus filiformis,11.927,392.142,66.88,0.35,0.197,0.649,16.2,73.47,10.33,118.86,17.26,253.35,13.49,21.85,1,,0.026
Chrysophyllum inornatum,13.761,334.691,61.2,0.46,0.207,0.634,14.39,75.64,9.97,66.34,16.05,194.29,10.9,16.46,1,,0.011
Clethra scabra,9.317,399.79,48.34,0.32,0.293,0.314,45.44,41.86,12.7,464.09,9.55,,,20.9,0,0.00017963,0.009
Clusia criuva,6.75,287.773,65.82,0.75,0.572,0.501,38.56,45.7,15.74,57.72,19.92,178.5,13.24,20.9,1,0.00218824,0.022
Copaifera trapezifolia,18.478,460.476,60.12,0.2,0.091,0.581,15.72,72.65,11.64,91.97,22.14,110.54,15.84,28.5,1,0.80826667,0.054
Coussapoa microcarpa,26.151,272.579,59.9,0.52,0.313,0.466,34.14,54.74,11.12,26.95,32.79,888.76,5.79,24.68,1,,0.076
Coussarea contracta,16.151,247.528,,0.34,0.218,0.475,32.57,53.81,13.61,74.32,11.62,195.59,16.96,19.95,1,,0.003
Croton macrobothrys,18.695,352.88,58.03,0.1,0.122,0.343,35.31,58.46,6.23,26.21,27.35,240.75,15.98,22.8,0,,0.036
Cryptocarya aschersoniana,11.222,411.63,59.16,0.38,0.173,0.397,26.16,65.62,8.22,82.54,17.94,264.08,15.11,24.77,1,0.579025,0.021
Cryptocarya mandioccana,12.902,388.461,61.08,0.34,0.188,0.467,29.17,60.34,10.49,52.38,22.43,346.14,5.41,23.75,1,1.1488,0.032
Cupania vernalis,16.073,399.961,57.49,0.27,0.16,0.531,33.97,50.59,15.44,68.65,17.33,374.04,11.56,23.75,1,0.15245,0.015
Cyathea corcovadensis,17.805,285.403,62.17,0.27,0.168,0.18,51.86,21.13,27.0,280.26,16.74,55.14,36.65,23.75,0,1.3e-07,0.054
Cyathea delgadii,23.814,344.34,47.14,0.09,0.064,0.173,60.31,14.98,24.71,112.95,29.36,197.43,25.67,13.3,0,1.3e-07,0.205
Cyathea gardneri,17.936,269.193,70.23,0.15,0.104,0.162,63.37,14.95,21.68,183.05,23.89,264.37,18.89,12.35,0,1.3e-07,0.146
Cyathea phalerata,21.418,285.105,,0.07,0.1,0.204,66.51,12.2,21.29,145.93,26.62,210.62,17.27,28.5,0,1.3e-07,0.179
Daphnopsis fasciculata,8.212,325.155,64.83,0.92,0.348,0.411,30.53,47.38,22.09,101.14,15.52,386.26,16.14,13.3,1,0.04807692,0.014
Diatenopteryx sorbifolia,16.802,378.754,,0.12,0.08,0.541,12.86,76.89,10.25,66.06,16.41,604.63,7.63,26.6,0,0.07222824,0.012
Dicksonia sellowiana,16.289,419.481,,0.13,0.071,0.221,56.34,15.57,28.08,358.36,20.65,244.27,14.85,25.18,0,3.7e-07,0.159
Duguetia lanceolata,12.9,425.342,65.42,0.31,0.153,0.749,11.82,62.0,26.19,63.99,17.29,153.72,11.34,23.75,1,0.16021667,0.014
Endlicheria paniculata,13.836,381.489,63.96,0.26,0.201,0.431,42.59,49.21,8.2,72.8,19.48,273.32,10.35,21.85,1,0.66905,0.026
Esenbeckia grandiflora,13.561,315.376,66.33,0.33,0.241,0.626,23.46,66.3,10.24,97.06,14.78,90.11,33.26,13.78,0,,0.011
Eugenia beaurepairiana,10.749,500.0,,0.28,0.132,0.714,17.94,68.96,13.1,82.7,13.1,,,26.6,1,,0.006
Eugenia involucrata,8.055,460.136,68.15,0.27,0.207,0.569,13.21,68.02,18.77,73.34,16.15,715.42,5.86,17.1,1,0.28421667,0.012
Euterpe edulis,15.991,421.571,66.18,0.47,0.217,0.195,52.34,17.93,29.73,69.21,31.57,359.05,5.99,19.0,1,0.181775,0.168
Ficus adhatodifolia,12.143,286.312,57.74,0.47,0.265,0.286,65.54,27.07,7.4,31.19,29.94,280.88,15.21,35.23,1,0.00121935,0.061
